{
    "openapi": "3.0.0",
    "paths": {
      "/connqt/auth/login": {
        "post": {
          "operationId": "KeycloakConnqtController_cqtLogin",
          "summary": "Connqt User Login",
          "description": "Endpoint for Connqt User login.",
          "parameters": [],
          "requestBody": {
            "required": true,
            "content": {
              "application/json": {
                "schema": {
                  "$ref": "#/components/schemas/CqtLoginDto"
                }
              }
            }
          },
          "responses": {
            "201": {
              "description": ""
            }
          },
          "tags": [
            "Connqt-AUTH"
          ]
        }
      },
      "/connqt/auth/user/change-password": {
        "get": {
          "operationId": "KeycloakConnqtController_changePassword",
          "summary": "Connqt User Change Password",
          "description": "Endpoint for Connqt User Change Password.",
          "parameters": [],
          "responses": {
            "200": {
              "description": ""
            }
          },
          "tags": [
            "Connqt-AUTH"
          ],
          "security": [
            {
              "Connqt-Token": []
            }
          ]
        }
      },
      "/connqt/auth/user/signout": {
        "get": {
          "operationId": "KeycloakConnqtController_signOut",
          "summary": "Conqt User Signout",
          "description": "Endpoint for Connqt User Signout.",
          "parameters": [
            {
              "name": "refreshtoken",
              "in": "header",
              "schema": {
                "type": "string"
              }
            }
          ],
          "responses": {
            "200": {
              "description": ""
            }
          },
          "tags": [
            "Connqt-AUTH"
          ],
          "security": [
            {
              "Connqt-Token": []
            }
          ]
        }
      },
      "/connqt/auth/user/refreshToken/{realm}": {
        "get": {
          "operationId": "KeycloakConnqtController_refreshToken",
          "summary": "Refresh business User access token",
          "description": "Endpoint for refresh business user access token.",
          "parameters": [
            {
              "name": "realm",
              "required": true,
              "in": "path",
              "schema": {
                "type": "string"
              }
            },
            {
              "name": "refreshtoken",
              "in": "header",
              "required": true,
              "schema": {
                "type": "string"
              }
            }
          ],
          "responses": {
            "200": {
              "description": ""
            }
          },
          "tags": [
            "Connqt-AUTH"
          ],
          "security": [
            {
              "Connqt-Token": []
            }
          ]
        }
      },
      "/business/auth/login": {
        "post": {
          "operationId": "KeycloakBusinessController_busLogin",
          "summary": "Business User Login",
          "description": "Endpoint for Business User login.",
          "parameters": [],
          "requestBody": {
            "required": true,
            "content": {
              "application/json": {
                "schema": {
                  "$ref": "#/components/schemas/BusLoginDto"
                }
              }
            }
          },
          "responses": {
            "201": {
              "description": ""
            }
          },
          "tags": [
            "Business-AUTH"
          ]
        }
      },
      "/business/auth/user/change-password": {
        "get": {
          "operationId": "KeycloakBusinessController_changePassword",
          "summary": "Business User Change Password",
          "description": "Endpoint for Business User Change Password.",
          "parameters": [],
          "responses": {
            "200": {
              "description": ""
            }
          },
          "tags": [
            "Business-AUTH"
          ],
          "security": [
            {
              "Business-Token": []
            }
          ]
        }
      },
      "/business/auth/user/signout": {
        "get": {
          "operationId": "KeycloakBusinessController_signOut",
          "summary": "Business User Signout",
          "description": "Endpoint for Business User Signout.",
          "parameters": [
            {
              "name": "refreshtoken",
              "in": "header",
              "schema": {
                "type": "string"
              }
            }
          ],
          "responses": {
            "200": {
              "description": ""
            }
          },
          "tags": [
            "Business-AUTH"
          ],
          "security": [
            {
              "Business-Token": []
            }
          ]
        }
      },
      "/business/auth/user/refreshToken/{realm}": {
        "get": {
          "operationId": "KeycloakBusinessController_refreshToken",
          "summary": "Business user refresh access token",
          "description": "Endpoint for business user refresh access token.",
          "parameters": [
            {
              "name": "realm",
              "required": true,
              "in": "path",
              "schema": {
                "type": "string"
              }
            },
            {
              "name": "refreshtoken",
              "in": "header",
              "required": true,
              "schema": {
                "type": "string"
              }
            }
          ],
          "responses": {
            "200": {
              "description": ""
            }
          },
          "tags": [
            "Business-AUTH"
          ],
          "security": [
            {
              "Business-Token": []
            }
          ]
        }
      }
    },
    "info": {
      "title": "CONNQT.AI",
      "description": "",
      "version": "1.0",
      "contact": {
  
      }
    },
    "tags": [],
    "servers": [],
    "components": {
      "securitySchemes": {
        "Connqt-Token": {
          "scheme": "bearer",
          "bearerFormat": "Token",
          "type": "http",
          "schema": "Bearer"
        },
        "Business-Token": {
          "scheme": "bearer",
          "bearerFormat": "Token",
          "type": "http",
          "schema": "Bearer"
        }
      },
      "schemas": {
        "CqtLoginDto": {
          "type": "object",
          "properties": {
            "email": {
              "type": "string",
              "example": "jeevan.gnx@tekknology.co"
            }
          },
          "required": [
            "email"
          ]
        },
        "BusLoginDto": {
          "type": "object",
          "properties": {
            "email": {
              "type": "string",
              "example": "example@gmail.com"
            }
          },
          "required": [
            "email"
          ]
        }
      }
    }
  }